{"cameraMode":{"drawMode":0,"name":"Shaded","section":"Shading Mode"},"sceneLighting":true,"audioPlay":false,"sceneViewState":{"showFog":true,"showMaterialUpdate":false,"showSkybox":true,"showFlares":true,"showImageEffects":true,"showParticleSystems":true},"in2DMode":false,"pivot":{"x":11.871766090393067,"y":0.3000001907348633,"z":16.133663177490236},"rotation":{"x":0.10931166261434555,"y":0.5518705248832703,"z":-0.07335498929023743,"w":0.823650062084198},"size":40.52140808105469,"orthographic":true}